Date,SBUX,WMT,WST,TSLA,GME
2023-02-10,107.09,143.72,271.14,196.89,19.27
2023-02-09,106.05,141.52,267.43,207.32,19.67
2023-02-08,106.3,140.22,265.07,201.29,21.1
2023-02-07,106.825,140.98,272.38,196.81,21.22
2023-02-06,105.02,140.68,268.17,194.76,23.86
2023-02-03,104.3,141.71,272.88,189.98,22.25
2023-02-02,109.15,143.62,281.88,188.27,22.7
2023-02-01,109.99,144.67,271.59,181.41,21.83
2023-01-31,109.14,143.87,265.6,173.22,21.87
2023-01-30,108.4,142.15,261.82,166.66,21.25
2023-01-27,109.02,143.3,268.62,177.9,22.82
2023-01-26,108.76,142.21,270.09,160.27,20.01
2023-01-25,106.98,142.34,260.47,144.43,20.23
2023-01-24,106.64,143.02,258.33,143.89,21.4
2023-01-23,106.21,142.64,264.11,143.75,21.66
2023-01-20,105.04,140.54,259.55,133.42,19.61
2023-01-19,104.26,138.83,254.78,127.17,19.04
2023-01-18,105.0,140.84,254.51,128.78,20.79
2023-01-17,106.75,144.41,253.04,131.49,21.8
2023-01-13,107.23,145.29,250.7,122.4,20.49
2023-01-12,105.85,144.81,248.09,123.56,20.63
2023-01-11,106.3,146.13,251.35,123.22,19.04
2023-01-10,106.0,144.86,245.93,118.85,17.77
2023-01-09,104.74,144.95,240.73,119.77,16.38
2023-01-06,106.69,146.78,232.5,113.06,16.46
2023-01-05,104.43,143.27,233.7,110.34,16.22
2023-01-04,104.46,143.76,241.14,113.64,17.32
2023-01-03,100.83,143.6,234.41,108.1,17.2
2022-12-30,99.2,141.79,235.35,123.18,18.46
2022-12-29,99.77,142.15,238.98,121.82,18.33
2022-12-28,98.6,141.29,231.24,112.71,17.92
2022-12-27,99.2,143.81,236.73,109.1,18.2
2022-12-23,98.27,143.77,235.13,123.15,20.08
2022-12-22,97.76,143.48,235.26,125.35,19.81
2022-12-21,98.67,145.18,234.68,137.57,20.56
2022-12-20,98.0,144.05,227.79,137.8,20.26
2022-12-19,98.3,142.8,228.23,149.87,19.92
2022-12-16,98.83,142.75,226.1,150.23,20.8
2022-12-15,99.99,145.36,237.08,157.67,20.58
2022-12-14,102.19,146.67,243.58,156.8,21.05
2022-12-13,102.11,147.49,251.9,160.95,21.0
2022-12-12,102.7,148.02,241.28,167.82,22.67
2022-12-09,101.79,145.31,239.01,179.05,22.63
2022-12-08,103.74,148.78,236.03,173.44,24.79
2022-12-07,101.87,148.55,235.89,174.04,22.26
2022-12-06,102.08,149.327,234.99,179.82,23.39
2022-12-05,103.55,151.08,239.44,182.45,25.56
2022-12-02,105.05,152.645,244.35,194.86,27.52
2022-12-01,103.37,152.794,242.02,194.7,26.6
2022-11-30,102.2,151.848,234.66,194.7,26.21
2022-11-29,98.66,152.396,223.5,180.83,25.6
2022-11-28,98.66,152.933,224.18,182.92,25.29
2022-11-25,99.56,152.495,226.65,182.86,26.17
2022-11-23,99.52,151.848,228.06,183.2,26.7
2022-11-22,98.43,151.12,228.53,169.91,26.3
2022-11-21,98.32,150.582,225.25,167.87,25.16
2022-11-18,97.95,149.666,225.0,180.19,27.6
2022-11-17,96.97,147.444,221.93,183.17,27.76
2022-11-16,97.07,147.942,240.1,186.92,27.14
2022-11-15,97.83,146.886,247.69,194.42,27.59
2022-11-14,97.42,137.87,242.31,190.95,26.05
2022-11-11,97.38,142.045,250.93,195.97,26.1
2022-11-10,96.26,141.825,242.74,190.72,24.88
2022-11-09,91.63,138.946,221.51,177.59,23.11
2022-11-08,92.22,142.254,224.56,191.3,25.14
2022-11-07,89.9331,141.915,225.75,197.08,25.76
2022-11-04,91.3351,140.441,215.409,207.47,26.51
2022-11-03,84.1961,140.192,209.164,215.31,26.29
2022-11-02,84.0967,140.221,219.345,214.98,26.62
2022-11-01,86.6023,141.158,229.307,227.82,28.39
2022-10-31,86.0952,141.795,229.907,227.54,28.31
2022-10-28,86.6023,141.975,225.32,228.52,28.17
2022-10-27,84.7927,140.201,221.044,225.09,25.93
2022-10-26,85.3992,140.61,254.186,224.64,25.42
2022-10-25,84.7231,139.544,249.0,222.415,26.87
2022-10-24,83.2814,138.886,236.421,211.25,24.71
2022-10-21,88.1037,136.286,232.684,214.44,25.3
2022-10-20,86.2941,133.586,231.105,207.28,24.41
2022-10-19,87.0199,133.258,243.435,222.04,24.54
2022-10-18,88.4517,133.636,261.39,220.19,26.67
2022-10-17,88.392,130.877,255.105,219.35,25.96
2022-10-14,85.8765,129.94,247.322,204.99,24.63
2022-10-13,88.8593,131.783,249.2,221.72,25.56
2022-10-12,86.3736,130.677,238.919,217.24,25.36
2022-10-11,85.7174,132.172,239.478,216.5,25.27
2022-10-10,86.5625,128.834,245.613,222.96,25.0
2022-10-07,86.5327,128.077,249.61,223.07,25.35
2022-10-06,88.8394,131.185,256.045,238.13,25.99
2022-10-05,89.605,132.421,259.452,240.81,26.39
2022-10-04,88.0042,133.746,260.93,249.44,27.6
2022-10-03,85.1307,132.032,255.715,242.4,25.38
2022-09-30,83.7785,129.213,245.873,265.25,25.13
2022-09-29,86.0753,131.753,251.059,268.21,25.46
2022-09-28,86.6122,132.61,251.718,287.81,27.31
2022-09-27,83.7984,130.458,246.183,282.94,26.13
2022-09-26,84.3254,130.817,252.617,276.01,24.48
2022-09-23,83.689,129.572,254.026,275.33,25.04
2022-09-22,84.216,132.889,252.897,288.59,24.7
2022-09-21,88.0937,134.264,257.983,300.8,26.86
2022-09-20,90.2712,133.048,263.468,308.73,27.54
2022-09-19,91.6135,133.826,269.703,309.07,28.96
2022-09-16,90.7882,132.69,267.835,303.35,28.64
2022-09-15,91.693,132.969,273.5,303.75,28.61
2022-09-14,92.1703,134.413,290.575,302.61,28.13
2022-09-13,87.3381,134.712,292.714,292.13,27.85
2022-09-12,88.561,137.551,312.607,304.42,29.24
2022-09-09,88.1832,136.326,313.246,299.68,28.92
2022-09-08,88.9488,135.918,307.871,289.26,25.83
2022-09-07,87.8054,135.23,298.549,283.7,24.04
2022-09-06,84.037,131.843,290.755,274.42,25.14
2022-09-02,82.4661,132.501,291.105,270.21,27.36
2022-09-01,84.912,133.975,295.851,277.16,27.63
2022-08-31,83.5896,132.052,296.441,275.61,28.64
2022-08-30,82.9334,131.982,296.171,277.7,29.84
2022-08-29,83.6393,132.381,301.316,284.82,31.55
2022-08-26,83.5797,131.106,303.515,288.09,30.94
2022-08-25,86.8906,135.36,314.415,296.07,31.96
2022-08-24,85.5583,134.463,310.319,297.097,32.5
2022-08-23,84.2061,133.497,309.45,296.453,33.53
2022-08-22,84.4646,134.065,311.208,289.913,34.5
2022-08-19,86.4233,136.505,319.251,296.667,36.49
2022-08-18,88.044,138.548,321.519,302.87,37.93
2022-08-17,87.8451,138.996,327.974,303.997,40.52
2022-08-16,88.8891,138.847,333.649,306.563,42.19
2022-08-15,88.6505,132.102,340.533,309.32,39.68
2022-08-12,87.8054,131.723,340.693,300.03,40.74
2022-08-11,86.7713,129.332,337.466,286.63,39.45
2022-08-10,85.5086,128.097,338.555,294.357,40.53
2022-08-09,83.8772,127.829,329.213,283.333,40.37
2022-08-08,84.7473,126.58,339.075,290.423,43.45
2022-08-05,84.7572,125.558,341.413,288.17,40.02
2022-08-04,85.8942,124.555,340.194,308.633,38.36
2022-08-03,86.2797,129.446,343.361,307.397,37.93
2022-08-02,82.7601,131.609,338.815,300.587,35.84
2022-08-01,83.9465,131.469,338.755,297.277,34.78
2022-07-29,83.818,130.983,343.271,297.15,34.01
2022-07-28,83.7092,128.702,339.634,280.9,33.84
2022-07-27,82.0186,125.568,320.25,274.82,33.78
2022-07-26,79.3987,120.995,313.096,258.86,32.43
2022-07-25,80.5752,130.954,313.246,268.433,33.98
2022-07-22,82.6414,131.143,313.376,272.243,35.78
2022-07-21,82.592,131.479,316.334,271.707,38.3675
2022-07-20,82.3251,129.584,303.155,247.5,39.6875
2022-07-19,81.6133,128.514,299.938,245.53,37.925
2022-07-18,79.3196,127.73,291.555,240.547,36.66
2022-07-15,78.7165,128.027,300.003,240.067,35.41
2022-07-14,77.3127,126.788,293.942,238.313,34.05
2022-07-13,77.0359,124.357,299.563,237.04,35.32
2022-07-12,76.8777,124.06,296.338,233.07,34.28
2022-07-11,77.0161,124.437,315.479,234.343,32.5225
2022-07-08,78.3803,124.387,318.016,250.763,32.135
2022-07-07,78.3409,124.308,319.794,244.543,33.78
2022-07-06,77.9651,124.119,315.09,231.733,29.3575
2022-07-05,78.6177,123.246,305.614,233.067,30.0575
2022-07-01,78.3607,121.639,307.291,227.263,30.855
2022-06-30,75.5232,120.598,301.93,224.473,30.575
2022-06-29,75.5627,120.935,299.083,228.49,30.715
2022-06-28,75.4737,121.381,296.028,232.663,31.095
2022-06-27,76.7985,123.118,304.376,244.92,32.4225
2022-06-24,77.2237,122.721,300.741,245.707,33.8025
2022-06-23,74.3467,122.622,298.465,235.07,35.505
2022-06-22,72.4682,119.716,288.409,236.087,34.615
2022-06-21,72.1321,121.183,288.11,237.037,35.07
2022-06-17,71.0544,117.335,282.408,216.76,33.785
2022-06-16,70.1449,119.646,282.278,213.1,31.4325
2022-06-15,73.3482,118.416,289.467,233.0,32.3225
2022-06-14,71.4894,118.495,280.201,220.89,31.5425
2022-06-13,71.539,118.445,283.456,215.737,29.5625
2022-06-10,74.8113,120.717,293.082,232.23,32.2725
2022-06-09,78.0145,120.042,304.096,239.707,32.245
2022-06-08,77.5795,121.313,311.556,241.867,34.6825
2022-06-07,78.5683,122.374,315.899,238.887,36.625
2022-06-06,78.0837,123.862,308.579,238.28,32.025
2022-06-03,78.153,124.308,309.429,234.517,33.425
2022-06-02,78.5188,126.48,317.527,258.333,33.5
2022-06-01,75.4144,124.437,308.131,246.79,30.35
2022-05-31,77.6093,127.591,309.928,252.753,31.185
2022-05-27,75.8395,127.443,320.742,253.21,34.3025
2022-05-26,73.6448,124.983,305.015,235.91,32.115
2022-05-25,71.6576,122.374,298.355,219.6,28.7925
2022-05-24,71.8948,123.128,300.282,209.387,22.2875
2022-05-23,72.5868,121.61,302.898,224.967,24.0325
2022-05-20,72.5572,118.237,300.242,221.3,23.915
2022-05-19,71.1138,118.109,301.77,236.473,24.7975
2022-05-18,70.4712,121.441,293.582,236.603,22.87
2022-05-17,72.8834,130.289,304.476,253.87,25.095
2022-05-16,71.5982,147.013,302.928,241.457,22.95
2022-05-13,74.7421,146.854,304.526,256.53,24.5975
2022-05-12,69.1068,146.289,295.559,242.667,22.3925
2022-05-11,68.7806,146.428,290.377,244.667,20.3325
2022-05-10,70.5477,147.975,295.828,266.68,23.375
2022-05-09,72.148,150.088,296.388,262.37,24.6975
2022-05-06,75.1226,148.352,305.894,288.55,28.675
2022-05-05,76.065,151.507,314.301,291.093,29.7825
2022-05-04,80.1491,152.816,317.976,317.54,31.77
2022-05-03,72.9725,150.733,306.003,303.083,30.1075
2022-05-02,73.9936,150.207,311.796,300.98,29.8925
2022-04-29,73.277,151.209,314.601,290.253,31.2675
2022-04-28,75.1815,154.383,324.886,292.503,32.3275
2022-04-27,73.3751,152.439,331.876,293.837,32.46
2022-04-26,74.2488,153.49,331.906,292.14,31.9
2022-04-25,76.5559,155.107,348.442,332.673,33.9875
2022-04-22,76.497,155.028,349.26,335.017,34.555
2022-04-21,77.5181,158.003,364.608,336.26,35.39
2022-04-20,78.706,157.765,371.209,325.733,37.2125
2022-04-19,79.7367,155.812,370.459,342.717,38.1175
2022-04-18,78.1464,154.065,371.698,334.763,35.365
2022-04-14,78.0482,155.246,380.485,328.333,37.6925
2022-04-13,79.4422,155.385,386.267,340.79,37.675
2022-04-12,78.3328,151.447,383.8,328.983,36.2175
2022-04-11,79.2066,152.488,397.729,325.31,36.7325
2022-04-08,80.0313,155.574,412.778,341.83,36.5475
2022-04-07,81.6021,154.711,419.638,352.42,37.5
2022-04-06,81.8377,153.183,408.654,348.587,39.16
2022-04-05,82.5839,149.702,407.845,363.753,38.3975
2022-04-04,86.4813,149.274,408.234,381.817,42.6825
2022-04-01,89.8192,149.245,416.223,361.53,41.25
2022-03-31,89.3087,147.182,409.912,359.2,41.645
2022-03-30,89.3676,148.124,417.201,364.663,41.7125
2022-03-29,89.564,145.515,413.317,366.523,44.975
2022-03-28,86.766,144.295,405.857,363.947,47.3975
2022-03-25,85.853,141.776,404.45,336.88,37.9875
2022-03-24,85.5291,141.161,407.655,337.973,35.5975
2022-03-23,84.6454,140.298,402.363,333.037,35.25
2022-03-22,86.285,142.123,412.668,331.327,30.785
2022-03-21,85.2737,142.55,411.849,307.053,23.55
2022-03-18,87.9637,143.74,413.886,301.797,22.6975
2022-03-17,86.0591,143.313,404.45,290.533,21.925
2022-03-16,85.8138,143.105,395.993,280.077,21.715
2022-03-15,81.6021,143.522,384.679,267.297,20.66
2022-03-14,77.8419,141.825,369.301,255.457,19.5275
2022-03-11,81.2192,139.872,362.501,265.117,23.1725
2022-03-10,85.5683,140.427,370.749,279.433,25.14
2022-03-09,86.0002,137.302,371.678,286.323,26.3025
2022-03-08,82.466,136.598,357.958,274.8,25.7525
2022-03-07,82.9176,139.474,372.157,268.193,24.8375
2022-03-04,88.3858,140.605,386.436,279.43,27.915
2022-03-03,89.8585,137.133,390.48,279.763,29.6025
2022-03-02,91.0759,134.059,383.93,293.297,30.4925
2022-03-01,88.4939,133.89,380.844,288.123,29.755
2022-02-28,90.1137,133.066,386.326,290.143,30.835
2022-02-25,90.8893,134.267,385.717,269.957,29.645
2022-02-24,89.348,132.442,377.649,266.923,31.145
2022-02-23,88.0128,132.958,356.8,254.68,28.7175
2022-02-22,91.4097,134.337,368.413,273.843,29.515
2022-02-18,91.6355,135.854,368.772,285.66,30.3825
2022-02-17,91.3507,136.727,386.546,292.117,30.8525
2022-02-16,93.4418,131.469,378.587,307.797,32.0825
2022-02-15,92.7841,132.293,384.619,307.477,31.54
2022-02-14,91.9397,131.876,382.932,291.92,29.2725
2022-02-11,92.0184,133.236,390.44,286.667,31.0625
2022-02-10,93.5694,133.979,398.778,301.517,30.6175
2022-02-09,94.8751,135.556,407.985,310.667,31.0725
2022-02-08,92.7163,135.854,399.916,307.333,28.9
2022-02-07,92.9804,135.824,399.946,302.447,25.585
2022-02-04,92.7948,137.173,399.976,307.773,25.585
2022-02-03,93.7128,138.81,401.374,297.047,24.8075
2022-02-02,95.4613,138.671,407.935,301.887,25.01
2022-02-01,96.4676,138.731,396.471,310.417,28.15
2022-01-31,96.0376,137.649,392.458,312.24,27.2325
2022-01-28,94.9537,135.388,392.268,282.117,24.4775
2022-01-27,93.1071,133.741,383.111,276.367,23.38
2022-01-26,93.3613,133.652,377.839,312.47,25.815
2022-01-25,94.7583,135.031,377.629,306.133,24.9475
2022-01-24,95.8226,138.027,382.772,310.0,25.0375
2022-01-21,94.074,138.017,367.084,314.633,26.59
2022-01-20,93.4978,139.038,372.866,332.09,25.6675
2022-01-19,94.6209,141.716,374.724,331.883,26.6425
2022-01-18,95.4613,140.318,371.438,343.503,27.2275
2022-01-14,97.7909,142.818,378.867,349.87,29.1625
2022-01-13,100.019,143.224,379.865,343.853,30.62
2022-01-12,101.463,141.221,400.306,368.74,32.015
2022-01-11,101.63,141.964,398.529,354.8,32.575
2022-01-10,103.573,142.371,391.618,352.707,32.7875
2022-01-07,105.075,142.648,389.522,342.32,35.155
2022-01-06,108.561,141.299,406.757,354.9,32.7575
2022-01-05,107.873,141.697,402.992,362.707,32.3425
2022-01-04,111.585,139.802,427.966,383.197,37.2275
2022-01-03,113.97,142.41,444.841,399.927,38.21
2021-12-31,114.254,142.45,467.877,352.26,37.0975
2021-12-30,113.537,140.953,470.204,356.78,38.8325
2021-12-29,113.676,140.506,466.859,362.063,38.4825
2021-12-28,112.89,140.565,463.754,362.823,36.615
2021-12-27,111.565,138.582,464.762,364.647,37.0775
2021-12-23,109.758,137.332,458.731,355.667,38.035
2021-12-22,109.15,137.639,452.52,336.29,38.5
2021-12-21,107.804,137.461,443.453,312.843,39.53
2021-12-20,105.576,137.044,437.971,299.98,39.285
2021-12-17,106.106,136.608,448.725,310.857,38.91
2021-12-16,110.956,141.121,443.753,308.973,36.1475
2021-12-15,112.016,143.512,442.455,325.33,37.1475
2021-12-14,112.046,142.698,427.656,319.503,36.9225
2021-12-13,112.88,141.349,439.848,322.137,34.22
2021-12-10,114.02,138.85,430.532,339.01,39.7525
2021-12-09,112.673,136.36,428.156,334.6,38.94
2021-12-08,113.547,134.485,434.456,356.32,43.4125
2021-12-07,113.557,135.854,428.934,350.583,44.4525
2021-12-06,110.73,136.3,422.563,336.337,41.78
2021-12-03,108.659,134.843,433.079,338.323,43.0975
2021-12-02,108.836,132.838,436.334,361.533,45.39
2021-12-01,106.136,134.475,434.356,365.0,44.96
2021-11-30,107.097,137.897,441.595,381.587,49.0525
2021-11-29,108.157,139.862,446.298,378.997,50.5025
2021-11-26,108.09,142.083,437.822,360.64,49.93
2021-11-24,111.329,143.69,432.669,372.0,52.945
2021-11-23,110.946,142.986,429.653,369.677,53.475
2021-11-22,108.864,141.964,436.623,385.623,61.8875
2021-11-19,108.207,139.624,447.367,379.02,57.2
2021-11-18,110.278,140.387,448.276,365.46,52.53
2021-11-17,109.905,139.187,443.593,363.003,52.5
2021-11-16,109.621,140.397,441.167,351.577,51.795
2021-11-15,109.277,144.057,421.445,337.797,52.285
2021-11-12,109.131,144.891,418.2,344.473,50.525
2021-11-11,108.855,145.614,415.873,354.503,51.08
2021-11-10,110.622,145.555,408.494,355.983,49.7975
2021-11-09,111.005,146.884,413.107,341.167,51.65
2021-11-08,112.006,146.368,412.089,387.647,54.66
2021-11-05,113.705,147.311,402.632,407.363,53.3125
2021-11-04,109.091,148.342,431.83,409.97,54.46
2021-11-03,109.523,147.261,436.962,404.62,54.5825
2021-11-02,108.394,146.815,436.782,390.667,51.7475
2021-11-01,106.793,146.884,425.519,402.863,50.0225
2021-10-29,103.161,146.517,428.654,371.333,45.8775
2021-10-28,110.092,145.565,419.938,359.013,45.7125
2021-10-27,110.397,144.663,420.147,345.953,43.3775
2021-10-26,111.772,145.862,419.108,339.477,44.46
2021-10-25,111.565,147.142,416.243,341.62,43.4925
2021-10-22,111.408,145.466,419.998,303.227,42.45
2021-10-21,111.309,143.958,421.036,298.0,45.4275
2021-10-20,110.74,143.164,413.417,288.6,46.13
2021-10-19,110.377,141.875,416.383,288.09,46.6975
2021-10-18,110.259,138.929,407.555,290.037,46.505
2021-10-15,108.394,137.818,403.651,281.01,45.82
2021-10-14,108.806,137.153,406.267,272.773,45.9575
2021-10-13,107.717,135.685,401.104,270.36,46.015
2021-10-12,107.952,136.677,402.054,268.573,43.955
2021-10-11,107.893,136.816,402.423,263.98,44.525
2021-10-08,108.167,136.945,405.977,261.83,43.17
2021-10-07,109.14,136.538,416.532,264.537,43.03
2021-10-06,108.58,134.951,412.109,260.917,42.7675
2021-10-05,107.804,133.969,412.298,260.197,43.045
2021-10-04,108.404,133.096,408.654,260.51,42.84
2021-10-01,109.828,134.386,418.54,258.407,44.2275
2021-09-30,107.294,136.677,423.333,258.493,43.8675
2021-09-29,109.101,137.719,431.181,260.437,43.98
2021-09-28,108.649,137.779,426.208,259.187,44.65
2021-09-27,110.563,139.484,440.337,263.787,47.37
2021-09-24,110.985,140.397,455.805,258.13,46.29
2021-09-23,111.015,140.0,453.918,251.213,47.81
2021-09-22,109.965,139.921,447.896,250.647,47.535
2021-09-21,109.15,140.248,446.838,246.46,47.4875
2021-09-20,108.757,139.97,443.393,243.39,48.05
2021-09-17,110.298,141.915,447.338,253.163,51.2425
2021-09-16,111.525,142.212,453.169,252.33,51.5925
2021-09-15,111.496,141.746,451.201,251.943,51.13
2021-09-14,115.6,141.498,450.773,248.163,49.81
2021-09-13,115.914,142.242,440.957,247.667,50.85
2021-09-10,116.071,143.056,457.722,245.423,47.6025
2021-09-09,115.531,143.571,459.929,251.62,49.795
2021-09-08,114.804,144.593,467.139,251.29,49.7
2021-09-07,112.616,144.405,460.548,250.973,49.75
2021-09-03,113.98,146.348,463.064,244.523,50.6875
2021-09-02,114.157,145.674,457.692,244.13,53.38
2021-09-01,114.234,144.91,451.831,244.697,53.2425
2021-08-31,114.274,145.228,450.333,245.24,54.56
2021-08-30,112.439,144.831,450.403,243.637,52.3
2021-08-27,111.967,143.67,445.69,237.307,51.2375
2021-08-26,111.192,144.483,445.43,233.72,51.305
2021-08-25,112.399,146.06,443.263,237.067,49.9125
2021-08-24,111.929,146.002,444.612,236.163,52.5725
2021-08-23,111.996,147.529,445.3,235.433,41.2225
2021-08-20,111.486,148.511,448.226,226.753,39.825
2021-08-19,111.192,147.192,445.69,224.49,38.225
2021-08-18,112.506,146.2,440.967,229.663,39.2625
2021-08-17,113.37,147.777,440.597,221.903,40.8875
2021-08-16,114.324,147.827,440.357,228.723,40.9825
2021-08-13,113.557,146.626,433.039,239.057,40.63
2021-08-12,112.576,146.16,428.494,240.75,40.5875
2021-08-11,113.303,146.557,421.615,235.94,39.695
2021-08-10,112.763,145.257,423.791,236.663,39.7625
2021-08-09,114.264,142.232,427.786,237.92,40.2825
2021-08-06,115.334,141.885,426.268,233.033,37.9425
2021-08-05,115.314,142.143,424.441,238.21,38.36
2021-08-04,114.56,139.554,426.917,236.973,36.7
2021-08-03,115.414,140.516,420.996,236.58,38.1875
2021-08-02,116.621,138.949,414.046,236.557,39.4125
2021-07-30,117.642,139.266,410.551,229.067,40.28
2021-07-29,118.575,138.968,403.761,225.783,41.215
2021-07-28,118.603,138.79,382.912,215.66,42.28
2021-07-27,122.098,139.356,377.309,214.927,44.635
2021-07-26,122.128,139.346,376.441,219.207,45.985
2021-07-23,122.041,139.157,379.985,214.46,45.09
2021-07-22,118.82,138.017,372.916,216.42,44.7125
2021-07-21,115.551,137.917,366.904,218.43,46.4525
2021-07-20,113.764,138.602,371.628,220.167,47.795
2021-07-19,111.722,137.977,369.771,215.407,43.3725
2021-07-16,115.031,138.294,372.427,214.74,42.26
2021-07-15,115.257,138.393,370.729,216.867,41.705
2021-07-14,116.071,138.284,370.209,217.793,41.905
2021-07-13,115.825,137.342,371.418,222.847,45.015
2021-07-12,114.764,136.826,374.754,228.567,47.3125
2021-07-09,113.813,137.074,372.956,218.983,47.8075
2021-07-08,112.369,136.38,371.877,217.603,47.845
2021-07-07,113.489,136.498,371.428,214.883,47.665
2021-07-06,112.124,136.717,367.773,219.86,49.89
2021-07-02,111.388,136.886,364.528,226.3,50.7075
2021-07-01,109.866,136.112,361.802,225.973,51.09
2021-06-30,108.324,137.779,357.918,226.567,53.535
2021-06-29,108.777,134.148,358.816,226.92,52.72
2021-06-28,108.747,134.921,361.992,229.573,53.3125
2021-06-25,109.513,135.338,358.876,223.957,52.3775
2021-06-24,108.501,133.761,358.357,226.607,53.0775
2021-06-23,108.08,132.828,357.518,218.857,54.835
2021-06-22,108.364,133.88,358.896,207.903,55.1
2021-06-21,107.51,133.265,356.41,206.943,50.0925
2021-06-18,106.283,132.055,351.127,207.77,53.455
2021-06-17,107.913,134.555,350.868,205.533,55.8975
2021-06-16,107.883,133.999,344.967,201.623,55.7425
2021-06-15,108.404,136.776,343.699,199.787,55.625
2021-06-14,108.954,137.322,343.998,205.897,57.36
2021-06-11,109.051,137.511,344.188,203.297,58.335
2021-06-10,108.717,136.668,342.64,203.373,55.0975
2021-06-09,107.913,135.874,334.821,199.593,75.64
2021-06-08,108.04,136.618,329.21,201.197,75.0
2021-06-07,107.854,137.659,332.215,201.71,70.0025
2021-06-04,108.501,138.582,332.325,199.683,62.09
2021-06-03,107.647,138.334,331.676,190.947,64.545
2021-06-02,109.474,138.095,332.665,201.707,70.56
2021-06-01,109.808,138.393,339.036,207.967,62.255
2021-05-28,110.328,138.76,346.364,208.407,55.5
2021-05-27,109.965,138.423,343.559,210.283,63.5325
2021-05-26,109.336,138.899,343.249,206.377,60.64
2021-05-25,109.121,139.068,344.217,201.563,52.3575
2021-05-24,109.011,138.493,338.396,202.147,45.0025
2021-05-21,107.46,138.483,332.345,193.627,44.1975
2021-05-20,107.933,139.147,331.696,195.593,42.6225
2021-05-19,106.253,138.651,324.796,187.82,42.2075
2021-05-18,107.598,138.641,325.795,192.623,45.1675
2021-05-17,107.52,135.695,325.625,192.277,45.15
2021-05-14,107.727,136.31,331.966,196.58,39.98
2021-05-13,107.049,135.061,327.213,190.563,41.125
2021-05-12,106.371,132.808,323.728,196.63,36.1975
2021-05-11,109.571,136.34,334.113,205.733,36.73
2021-05-10,110.298,137.58,332.625,209.68,35.805
2021-05-07,110.338,136.975,332.575,224.123,40.2775
2021-05-06,110.73,137.808,328.331,221.18,40.2525
2021-05-05,109.504,136.826,327.512,223.647,39.87
2021-05-04,110.112,136.945,328.111,224.533,40.1825
2021-05-03,111.663,138.294,328.79,228.3,40.55
2021-04-30,110.485,136.152,327.432,236.48,43.3975
2021-04-29,110.622,135.874,323.478,225.667,44.0475
2021-04-28,108.462,134.187,321.152,231.467,44.645
2021-04-27,112.085,134.663,319.294,234.913,44.4425
2021-04-26,111.859,134.207,321.342,246.067,42.2325
2021-04-23,113.44,136.142,322.609,243.133,37.795
2021-04-22,111.859,135.914,320.772,239.897,37.7925
2021-04-21,112.654,137.411,322.759,248.04,39.6275
2021-04-20,112.193,137.014,318.136,239.663,39.6325
2021-04-19,113.48,135.953,315.569,238.21,41.0925
2021-04-16,114.196,136.836,312.624,246.593,38.6725
2021-04-15,112.576,136.4,309.748,246.283,39.11
2021-04-14,111.132,135.586,298.913,244.077,41.6325
2021-04-13,111.329,135.626,305.275,254.107,35.2475
2021-04-12,109.828,136.042,295.798,233.993,35.2725
2021-04-09,109.218,136.022,295.379,225.673,39.59
2021-04-08,109.081,135.953,290.755,227.933,42.565
2021-04-07,109.228,136.042,288.06,223.657,44.4925
2021-04-06,109.188,136.34,290.157,230.54,46.125
2021-04-05,107.137,135.685,288.439,230.35,46.7375
2021-04-01,105.546,131.975,283.686,220.583,47.8625
2021-03-31,105.449,132.184,280.701,222.643,47.455
2021-03-30,106.41,132.095,277.276,211.873,48.615
2021-03-29,105.321,133.008,279.432,203.763,45.325
2021-03-26,106.048,131.509,279.233,206.237,45.25
2021-03-25,103.593,130.418,274.39,213.463,45.9375
2021-03-24,101.296,129.536,277.016,210.09,30.085
2021-03-23,102.533,130.349,282.169,220.72,45.4375
2021-03-22,103.799,128.821,281.409,223.333,48.6225
2021-03-19,102.621,128.207,276.088,218.29,50.0675
2021-03-18,103.848,126.52,267.92,217.72,50.4375
2021-03-17,106.587,128.197,273.531,233.937,52.4525
2021-03-16,107.451,129.268,273.111,225.627,52.0425
2021-03-15,105.095,129.308,274.959,235.98,55.035
2021-03-12,104.025,129.972,273.061,231.243,66.125
2021-03-11,103.564,128.057,271.843,233.2,65.0
2021-03-10,103.995,128.107,266.701,222.687,66.25
2021-03-09,102.827,124.903,266.392,224.527,61.725
2021-03-08,101.355,123.931,260.35,187.667,48.625
2021-03-05,101.512,125.131,261.399,199.317,34.435
2021-03-04,101.217,123.594,256.306,207.147,33.0875
2021-03-03,102.504,123.653,266.591,217.733,31.045
2021-03-02,103.455,126.094,277.036,228.813,29.545
2021-03-01,103.131,127.303,281.909,239.477,30.1
2021-02-26,104.241,125.915,279.572,225.167,25.435
2021-02-25,99.8432,127.879,276.616,227.407,27.1825
2021-02-24,100.736,129.099,277.854,247.34,22.9275
2021-02-23,97.8203,131.291,273.231,232.947,11.2425
2021-02-22,98.2523,133.434,271.603,238.167,11.5
2021-02-19,99.7438,134.069,280.471,260.433,10.1475
2021-02-18,101.296,133.404,295.599,262.46,10.1725
2021-02-17,100.795,142.658,292.863,266.05,11.485
2021-02-16,101.993,141.151,294.47,265.407,12.3775
2021-02-12,101.178,140.01,292.882,272.04,13.1
2021-02-11,101.707,139.574,289.967,270.553,12.775
2021-02-10,101.717,139.682,291.165,268.273,12.8
2021-02-09,102.061,141.319,288.769,283.153,12.5775
2021-02-08,102.101,140.556,293.332,287.807,15.0
2021-02-05,102.317,139.901,290.227,284.077,15.9425
2021-02-04,99.5877,138.125,289.128,283.33,13.375
2021-02-03,97.0655,136.836,290.955,284.897,23.1025
2021-02-02,97.679,136.42,293.472,290.93,22.5
2021-02-01,94.726,134.971,295.878,279.937,56.25
2021-01-29,93.0256,136.152,298.345,264.51,81.25
2021-01-28,94.3136,139.306,297.775,278.477,48.4
2021-01-27,94.0436,139.396,292.104,288.053,86.8775
2021-01-26,100.608,142.966,298.535,294.363,36.995
2021-01-25,99.4011,141.687,299.113,293.6,19.1975
2021-01-22,99.8432,141.815,298.943,282.213,16.2525
2021-01-21,100.5,140.387,298.535,281.663,10.7575
2021-01-20,101.335,141.002,303.886,283.483,9.78
2021-01-19,98.537,138.959,298.973,281.517,9.84
2021-01-15,98.3407,140.179,298.095,275.387,8.875
2021-01-14,97.84,142.44,297.406,281.667,9.9775
2021-01-13,98.861,142.906,296.687,284.803,7.85
2021-01-12,98.7923,144.375,297.177,283.147,4.9875
2021-01-11,100.52,142.748,301.081,270.397,4.985
2021-01-08,101.531,142.103,306.183,293.34,4.4225
2021-01-07,99.3033,142.123,302.728,272.013,4.52
2021-01-06,100.118,142.133,292.843,251.993,4.59
2021-01-05,99.3912,141.241,289.727,245.037,4.3425
2021-01-04,99.0571,142.004,284.315,243.257,4.3125
2020-12-31,102.808,139.702,282.069,235.223,4.71
2020-12-30,101.817,139.732,278.713,231.593,4.815
2020-12-29,101.492,139.852,277.116,221.997,4.845
2020-12-28,100.265,140.725,276.306,221.23,5.2475
2020-12-24,98.0265,139.068,281.719,220.59,5.0375
2020-12-23,98.0756,138.79,280.191,215.327,5.1425
2020-12-22,98.4193,139.752,281.669,213.447,4.865
2020-12-21,98.9098,141.459,274.869,216.62,3.8825
2020-12-18,99.234,141.439,276.436,231.667,3.9075
2020-12-17,99.1658,141.587,272.363,218.633,3.7075
2020-12-16,99.2241,140.933,266.442,207.59,3.4625
2020-12-15,100.108,141.071,266.002,211.083,3.4625
2020-12-14,99.2736,141.141,263.745,213.277,3.18
2020-12-11,98.9691,142.47,262.827,203.33,3.3275
2020-12-10,101.267,142.51,265.493,209.023,3.53
2020-12-09,96.4666,143.164,260.01,201.493,3.415
2020-12-08,97.249,144.315,266.102,216.627,4.235
2020-12-07,97.4444,143.026,266.88,213.92,4.0875
2020-12-04,98.2916,143.779,270.355,199.68,4.225
2020-12-03,96.1995,144.167,271.045,197.793,4.03
2020-12-02,95.0431,145.347,274.17,189.607,4.145
2020-12-01,94.9567,147.39,270.815,194.92,3.95
2020-11-30,94.187,147.539,273.94,189.2,4.14
2020-11-27,94.8035,146.378,276.736,195.253,4.02
2020-11-25,94.3598,146.606,268.019,191.333,3.6875
2020-11-24,94.4559,146.14,266.531,185.127,3.4175
2020-11-23,93.0913,145.724,274.5,173.95,3.475
2020-11-20,93.218,145.079,283.486,163.203,3.1775
2020-11-19,93.9376,146.894,279.981,166.423,3.115
2020-11-18,94.0829,143.958,280.051,162.213,2.8925
2020-11-17,94.7456,144.235,285.534,147.203,2.9075
2020-11-16,93.9562,147.192,290.716,136.03,3.015
2020-11-13,91.8249,145.367,289.677,136.167,2.7525
2020-11-12,89.8722,143.124,288.309,137.253,2.7825
2020-11-11,91.3242,142.896,283.826,139.043,2.9375
2020-11-10,90.2482,140.556,278.194,136.787,2.775
2020-11-09,91.6972,138.602,285.284,140.42,2.8725
2020-11-06,86.6973,140.744,294.32,143.317,2.965
2020-11-05,86.6679,138.532,293.552,146.03,2.8625
2020-11-04,85.8736,137.074,288.339,140.327,2.7275
2020-11-03,84.5356,137.867,275.648,141.3,2.8925
2020-11-02,82.2206,135.576,270.046,133.503,2.6875
2020-10-30,83.1669,133.979,270.715,129.347,2.6175
2020-10-29,84.4492,135.1,273.851,136.943,2.9325
2020-10-28,83.3683,135.219,278.843,135.34,2.955
2020-10-27,86.122,137.957,284.654,141.56,3.1725
2020-10-26,85.7499,137.263,278.723,140.093,3.3625
2020-10-23,86.8396,138.899,280.531,140.21,3.75
2020-10-22,85.4642,138.611,278.024,141.93,3.7275
2020-10-21,84.4206,139.424,283.017,140.88,3.525
2020-10-20,84.6503,138.949,285.564,140.647,3.465
2020-10-19,83.7795,138.037,284.644,143.61,3.4775
2020-10-16,84.6593,139.732,290.596,146.557,3.3275
2020-10-15,84.9557,139.554,289.907,149.627,3.4575
2020-10-14,85.4151,138.988,286.712,153.767,3.0625
2020-10-13,86.229,141.191,297.995,148.883,2.97
2020-10-12,86.822,139.276,300.162,147.433,2.95
2020-10-09,86.0837,137.867,296.797,144.667,3.005
2020-10-08,85.6252,136.498,289.797,141.973,3.3725
2020-10-07,84.5933,136.042,291.245,141.767,2.34
2020-10-06,83.216,135.784,288.879,137.993,2.2825
2020-10-05,84.612,136.915,286.202,141.893,2.365
2020-10-02,82.7959,135.666,272.473,138.363,2.3475
2020-10-01,82.9578,138.155,274.41,149.387,2.4425
2020-09-30,82.1734,135.09,273.521,143.003,2.55
2020-09-29,81.1014,132.412,272.273,139.69,2.5875
2020-09-28,82.3168,132.521,271.035,140.4,2.5225
2020-09-25,80.6232,132.541,268.178,135.78,2.505
2020-09-24,79.4187,131.985,262.337,129.263,2.285
2020-09-23,79.3706,131.311,266.97,126.787,2.51
2020-09-22,80.2895,133.553,275.658,141.41,2.64
2020-09-21,80.2325,132.352,275.458,149.797,2.1875
2020-09-18,81.2447,130.637,276.346,147.383,2.3675
2020-09-17,82.9677,131.975,273.581,141.143,2.3
2020-09-16,84.5256,131.579,279.881,147.253,2.17
2020-09-15,83.8856,132.63,282.977,149.92,1.7725
2020-09-14,82.8508,132.59,276.486,139.873,1.7275
2020-09-11,81.552,131.985,271.055,124.24,1.5225
2020-09-10,81.1799,132.095,274.0,123.78,1.5575
2020-09-09,82.1165,135.08,271.215,122.093,1.8375
2020-09-08,81.6855,133.692,261.319,110.07,1.925
2020-09-04,82.5082,137.917,262.357,139.44,1.9125
2020-09-03,82.7085,139.564,265.972,135.667,1.955
2020-09-02,84.4972,142.599,286.582,149.123,1.9275
2020-09-01,82.2981,142.52,280.351,158.35,1.9125
2020-08-31,80.7873,134.069,282.558,166.107,1.67
2020-08-28,81.2929,135.477,270.236,147.56,1.3475
2020-08-27,79.7731,131.916,272.543,149.25,1.3125
2020-08-26,78.8149,126.202,272.732,143.543,1.2775
2020-08-25,79.1124,126.134,273.221,134.89,1.245
2020-08-24,75.2492,126.808,268.338,134.28,1.2175
2020-08-21,73.7089,127.085,270.126,136.667,1.2575
2020-08-20,73.8533,126.074,274.09,133.457,1.1525
2020-08-19,74.2449,127.859,273.541,125.237,1.18
2020-08-18,75.5467,130.071,273.93,125.807,1.2025
2020-08-17,75.5074,130.934,273.611,122.377,1.1575
2020-08-14,74.9517,128.047,271.115,110.047,1.1875
2020-08-13,75.5742,127.303,273.781,108.067,1.16
2020-08-12,75.8315,126.828,271.085,103.65,1.13
2020-08-11,75.4299,125.211,263.235,91.6267,1.0875
2020-08-10,74.0908,126.818,265.053,94.57,1.0825
2020-08-07,72.4846,124.983,272.173,96.8467,1.04
2020-08-06,72.3609,124.377,272.513,99.3067,1.1075
2020-08-05,72.0831,124.823,273.271,99.0,1.1575
2020-08-04,71.4667,126.58,273.061,99.1333,1.1075
2020-08-03,71.8172,124.327,277.256,99.0,1.0375
2020-07-31,72.7968,124.427,267.54,95.3833,1.0025
2020-07-30,72.9,125.131,267.63,99.1667,1.025
2020-07-29,73.6442,125.677,268.288,99.94,1.015
2020-07-28,70.9993,126.698,262.997,98.4333,0.985
2020-07-27,72.7291,126.172,265.543,102.64,1.0025
2020-07-24,72.0831,126.202,261.199,94.4667,1.0075
2020-07-23,71.6845,126.58,260.6,100.87,1.0275
2020-07-22,73.4723,127.571,253.949,106.157,1.0275
2020-07-21,71.7592,127.244,251.443,104.557,1.0025
2020-07-20,71.3016,126.43,250.444,109.533,0.9625
2020-07-17,70.5428,126.678,245.561,100.057,0.99
2020-07-16,70.7627,127.115,239.021,100.043,1.0425
2020-07-15,71.9231,126.927,239.88,103.067,1.0475
2020-07-14,69.1831,126.936,231.992,101.12,1.02
2020-07-13,69.1055,124.546,227.767,99.8033,1.065
2020-07-10,70.6656,125.667,230.943,102.977,1.085
2020-07-09,69.9822,122.86,234.618,92.9533,1.0525
2020-07-08,70.5242,119.666,231.013,91.06,1.065
2020-07-07,70.6263,122.076,229.535,92.6567,1.0225
2020-07-06,71.7592,114.319,232.85,91.44,1.06
2020-07-02,70.1815,114.637,228.447,80.5767,1.0725
2020-07-01,70.4171,115.113,223.734,74.6433,1.11
2020-06-30,69.9999,115.202,225.901,71.9867,1.085
2020-06-29,69.8949,114.487,218.901,67.29,1.095
2020-06-26,68.0776,113.764,221.197,63.9833,1.0875
2020-06-25,70.2474,115.133,222.106,65.7333,1.115
2020-06-24,70.047,115.698,215.316,64.0567,1.1025
2020-06-23,71.8072,116.402,216.344,66.7867,1.2075
2020-06-22,71.7218,117.007,216.594,66.2867,1.2175
2020-06-19,71.7218,115.271,215.396,66.7267,1.22
2020-06-18,72.5877,113.456,211.471,66.93,1.2375
2020-06-17,73.3377,114.459,210.073,66.12,1.19
2020-06-16,74.0437,115.073,209.305,65.4767,1.16
2020-06-15,73.2063,113.546,208.196,66.06,1.1725
2020-06-12,72.6536,113.228,199.609,62.3533,1.18
2020-06-11,69.0289,115.49,202.624,64.8567,1.0925
2020-06-10,75.155,116.492,211.691,68.3367,1.2675
2020-06-09,78.3505,116.68,205.14,62.71,1.24
2020-06-08,79.4835,116.571,206.509,63.3267,1.2525
2020-06-05,78.1327,116.888,204.582,59.0433,1.035
2020-06-04,74.8978,117.434,204.242,57.6267,1.1175
2020-06-03,75.6979,118.713,208.196,58.8633,1.11
2020-06-02,73.9857,119.17,210.143,58.77,1.045
2020-06-01,74.4982,119.19,210.962,59.8733,1.0325
2020-05-29,74.186,119.289,214.846,55.6667,1.015
2020-05-28,74.7073,118.922,204.882,53.72,1.0825
2020-05-27,74.7663,117.791,200.158,54.6833,1.1725
2020-05-26,73.9661,119.09,204.802,54.59,1.105
2020-05-22,73.8336,119.556,210.263,54.46,1.045
2020-05-21,74.243,120.202,209.843,55.1733,1.11
2020-05-20,73.9661,120.648,208.915,54.37,1.1075
2020-05-19,72.1597,120.162,210.393,53.8667,1.11
2020-05-18,72.5122,122.77,217.183,54.2433,1.145
2020-05-15,70.5428,121.104,212.99,53.2767,1.055
2020-05-14,70.5712,118.674,209.175,53.5567,1.0325
2020-05-13,70.0283,118.942,202.724,52.73,1.0525
2020-05-12,70.7244,119.011,204.522,53.96,1.135
2020-05-11,72.1695,118.902,209.075,54.0867,1.19
2020-05-08,74.0711,118.227,198.9,54.6267,1.245
2020-05-07,72.2932,117.216,196.862,52.0033,1.2175
2020-05-06,69.0113,118.059,195.924,52.1733,1.2325
2020-05-05,68.9554,119.408,193.727,51.2133,1.3475
2020-05-04,67.9991,118.445,187.266,50.7467,1.37
2020-05-01,69.7947,117.701,190.582,46.7533,1.5125
2020-04-30,72.577,116.352,188.206,52.1267,1.4325
2020-04-29,72.6987,118.347,188.545,53.3667,1.51
2020-04-28,74.4314,122.552,191.949,51.2733,1.41
2020-04-27,73.5321,122.85,196.733,53.25,1.455
2020-04-24,71.4881,123.921,194.466,48.3433,1.1925
2020-04-23,71.0818,123.078,186.368,47.0433,1.175
2020-04-22,73.2583,125.974,169.174,48.8067,1.2225
2020-04-21,68.7845,123.703,164.281,45.78,1.195
2020-04-20,71.2438,124.308,169.264,49.7567,1.4025
2020-04-17,72.9265,126.49,168.874,50.26,1.22
2020-04-16,69.5316,126.688,166.487,49.68,1.2575
2020-04-15,68.6225,123.286,163.941,48.6567,1.3175
2020-04-14,69.6828,123.504,165.998,47.3267,1.4875
2020-04-13,67.8753,119.974,158.828,43.3967,1.185
2020-04-09,69.8821,116.6,161.874,38.2,0.9725
2020-04-08,67.6957,116.64,163.721,36.59,0.8525
2020-04-07,64.9901,116.789,157.121,36.3633,0.8175
2020-04-06,64.1203,120.707,160.246,34.4167,0.7725
2020-04-03,59.6377,114.389,150.36,32.0007,0.7
2020-04-02,61.4824,113.595,154.675,30.298,0.7125
2020-04-01,59.2312,109.27,148.823,32.104,0.8125
2020-03-31,62.1833,108.774,151.26,34.9333,0.875
2020-03-30,64.187,110.302,150.82,33.4767,0.9125
2020-03-27,62.7488,104.915,140.165,34.29,1.055
2020-03-26,66.1161,105.144,145.478,35.21,1.1025
2020-03-25,62.2481,104.737,134.424,35.95,1.0425
2020-03-24,61.3674,110.143,134.594,33.6667,1.04
2020-03-23,53.49,109.41,128.123,28.9527,0.9525
2020-03-20,54.891,109.112,129.811,28.502,0.94
2020-03-19,58.0865,114.359,138.379,28.5093,1.0475
2020-03-18,53.2809,116.839,142.552,24.0813,0.9425
2020-03-17,55.7883,113.674,142.152,28.68,1.0575
2020-03-16,55.4191,101.761,129.631,29.6713,1.0925
2020-03-13,66.1338,108.755,145.158,36.44,1.1475
2020-03-12,58.7403,99.1825,141.823,37.37,0.995
2020-03-11,64.6033,109.072,146.875,42.2833,1.035
2020-03-10,70.8157,114.171,142.602,43.0233,1.0575
2020-03-09,66.9958,111.661,138.897,40.5333,0.925
2020-03-06,71.2623,111.731,148.973,46.9,0.98
2020-03-05,72.0654,110.51,152.488,48.3033,0.99
2020-03-04,75.3572,111.293,157.86,49.9667,0.9425
2020-03-03,74.3451,107.633,152.987,49.7,0.9075
2020-03-02,77.9216,110.471,155.473,49.5733,0.9575
2020-02-28,74.185,102.634,149.572,44.5333,0.9
2020-02-27,74.0524,105.233,153.806,45.2667,0.8675
2020-02-26,76.3036,108.447,157.281,51.92,0.8475
2020-02-25,77.7409,109.032,161.514,53.3267,0.89
2020-02-24,79.9449,110.867,165.798,55.5867,0.925
2020-02-21,82.6299,113.05,169.054,60.0667,1.01
2020-02-20,83.8042,112.187,170.561,59.96,1.035
2020-02-19,85.262,112.177,173.637,61.16,1.0375
2020-02-18,84.4,114.012,172.099,57.2267,1.015
2020-02-14,84.4472,112.385,173.447,53.3367,1.005
2020-02-13,85.0598,111.939,173.257,53.6,1.0275
2020-02-12,83.7746,110.441,161.145,51.1533,1.0475
2020-02-11,82.7733,110.014,161.145,51.6267,1.005
2020-02-10,82.793,109.866,159.008,51.42,0.985
2020-02-07,81.7415,110.997,158.039,49.87,0.9525
2020-02-06,81.4862,110.857,159.328,49.93,1.035
2020-02-05,82.8204,111.333,158.519,48.98,1.045
2020-02-04,83.2092,109.886,157.89,59.1367,1.0175
2020-02-03,80.9777,108.913,157.271,52.0,0.9875
2020-01-31,79.8663,109.132,154.934,43.37,0.96
2020-01-30,80.8157,111.125,156.931,42.72,0.9825
2020-01-29,81.6462,110.481,157.091,38.7333,1.0325
2020-01-28,83.4153,111.145,156.311,37.7933,1.0525
2020-01-27,83.5381,110.451,154.485,37.2,1.07
2020-01-24,86.6452,109.012,154.744,37.6533,1.08
2020-01-23,88.2651,110.411,155.533,38.1467,1.155
2020-01-22,87.1135,110.669,156.203,37.97,1.14
2020-01-21,87.1135,110.193,156.591,36.48,1.1475
2020-01-17,88.1414,109.578,156.411,34.0333,1.1875
2020-01-16,87.1617,110.49,157.181,34.2333,1.155
2020-01-15,86.1838,109.896,156.013,34.5667,1.1525
2020-01-14,85.6665,110.729,155.313,35.86,1.1775
2020-01-13,85.7499,110.471,154.774,34.99,1.3575
2020-01-10,84.8841,110.927,151.489,31.8767,1.3575
2020-01-09,85.2336,111.859,150.32,32.0893,1.3875
2020-01-08,83.6795,110.709,148.663,32.8093,1.43
2020-01-07,82.7193,111.105,150.69,31.2707,1.38
2020-01-06,82.9725,112.147,151.08,30.1027,1.4625
2020-01-03,83.6324,112.385,151.0,29.534,1.47
2020-01-02,84.1231,113.367,150.6,28.684,1.5775
2019-12-31,82.7753,113.268,149.192,27.8887,1.52
2019-12-30,82.3237,113.794,149.672,27.6467,1.5325
2019-12-27,82.9725,113.972,149.672,28.692,1.475
2019-12-26,82.9196,113.903,149.632,28.7293,1.35
2019-12-24,83.3397,113.893,149.592,28.35,1.36
2019-12-23,83.0678,113.456,150.071,27.948,1.4025
2019-12-20,83.2838,114.667,149.702,27.0393,1.4975
2019-12-19,83.3397,114.459,148.323,26.936,1.515
2019-12-18,82.841,114.24,148.184,26.21,1.54
2019-12-17,82.9725,115.619,147.275,25.266,1.515
2019-12-16,83.5841,114.905,146.147,25.4333,1.375
2019-12-13,83.4811,114.667,145.268,23.8927,1.3625
2019-12-12,83.0491,114.141,145.308,23.9787,1.395
2019-12-11,81.5225,113.426,145.567,23.5133,1.3825
2019-12-10,81.0052,113.566,144.26,23.256,1.6275
2019-12-09,81.23,113.754,143.63,22.6353,1.5825
2019-12-06,81.2682,114.161,146.367,22.3927,1.67
2019-12-05,79.5081,113.119,146.267,22.0247,1.6
2019-12-04,80.4024,112.643,146.477,22.202,1.6075
2019-12-03,79.8575,112.623,146.257,22.4133,1.53
2019-12-02,79.6219,113.208,148.313,22.3247,1.5425
2019-11-29,80.4318,113.03,145.927,21.996,1.585
2019-11-27,80.7519,112.702,149.103,22.07,1.5875
2019-11-26,79.6121,113.119,147.035,21.928,1.525
2019-11-25,78.8493,112.862,145.078,22.4227,1.5075
2019-11-22,78.1611,113.258,145.298,22.2027,1.415
2019-11-21,77.4847,113.714,146.247,23.6553,1.375
2019-11-20,78.708,113.06,148.483,23.4813,1.365
2019-11-19,78.7648,113.744,148.603,23.968,1.375
2019-11-18,79.1026,114.091,148.014,23.3327,1.405
2019-11-15,79.2823,112.812,149.023,23.478,1.47
2019-11-14,79.4432,114.487,147.575,23.29,1.495
2019-11-13,79.0269,114.805,147.105,23.074,1.485
2019-11-12,78.4449,113.06,146.457,23.3287,1.48
2019-11-11,77.2206,112.98,146.247,23.006,1.505
2019-11-08,76.6011,113.338,146.626,22.476,1.5225
2019-11-07,76.771,114.071,146.686,22.3693,1.555
2019-11-06,77.7448,113.397,146.247,21.772,1.5225
2019-11-05,76.716,112.802,145.807,21.148,1.4775
2019-11-04,77.1636,111.551,146.636,21.1647,1.4625
2019-11-01,77.951,111.591,146.037,20.8873,1.46
2019-10-31,79.2155,111.265,142.752,20.9947,1.36
2019-10-30,78.8679,112.068,143.41,21.0007,1.4325
2019-10-29,78.813,111.165,142.342,21.0813,1.4525
2019-10-28,78.3162,113.148,141.414,21.8473,1.5475
2019-10-25,78.11,112.98,139.836,21.8753,1.5875
2019-10-24,77.9236,113.04,137.819,19.9787,1.605
2019-10-23,77.5121,113.248,138.129,16.9787,1.6075
2019-10-22,78.1847,113.476,137.779,17.0387,1.5975
2019-10-21,79.9557,113.625,138.877,16.9,1.4825
2019-10-18,80.5919,113.07,139.636,17.13,1.485
2019-10-17,80.8363,113.704,140.395,17.4647,1.5075
2019-10-16,81.229,113.318,138.767,17.3167,1.47
2019-10-15,80.9865,113.426,140.575,17.1927,1.4025
2019-10-14,81.1455,113.1,140.435,17.1307,1.395
2019-10-11,80.9012,114.081,140.785,16.526,1.3425
2019-10-10,80.528,113.506,139.756,16.316,1.2625
2019-10-09,80.4249,112.871,139.467,16.302,1.2475
2019-10-08,79.5443,111.551,136.711,16.0033,1.3075
2019-10-07,80.4249,111.245,139.487,15.848,1.3725
2019-10-04,80.4898,112.127,140.375,15.4287,1.3875
2019-10-03,79.3185,110.391,138.977,15.5353,1.355
2019-10-02,78.9925,110.203,136.411,16.2087,1.33
2019-10-01,81.0424,111.819,138.478,16.3127,1.395
2019-09-30,82.8322,112.633,140.605,16.058,1.38
2019-09-27,82.785,112.415,139.656,16.142,1.335
2019-09-26,84.1251,112.266,141.863,16.1707,1.32
2019-09-25,84.6406,112.434,144.369,15.2467,1.3
2019-09-24,84.2381,112.365,141.992,14.8807,1.2525
2019-09-23,85.0725,111.591,142.652,16.082,1.255
2019-09-20,84.3775,111.007,141.843,16.0413,1.175
2019-09-19,85.7734,111.135,142.082,16.44,1.11
2019-09-18,85.2119,111.175,140.106,16.2327,1.15
2019-09-17,85.0155,110.57,142.052,16.3193,1.0825
2019-09-16,83.7678,109.668,140.914,16.1873,1.0875
2019-09-13,84.7614,111.423,142.942,16.3467,1.1025
2019-09-12,86.2428,110.947,144.819,16.3913,1.145
2019-09-11,85.2306,110.104,143.45,16.4733,1.1475
2019-09-10,84.6406,110.134,139.846,15.7027,1.2725
2019-09-09,88.2092,110.411,144.18,15.4527,1.19
2019-09-06,89.6895,108.864,148.413,15.1633,1.0775
2019-09-05,89.5217,109.538,148.733,15.3053,1.0575
2019-09-04,90.0363,110.004,146.656,14.712,0.995
2019-09-03,90.6537,108.784,143.6,15.0007,0.9525
2019-08-30,90.4583,108.417,144.19,15.0407,0.9925
2019-08-29,91.5245,108.249,145.867,14.7807,1.0575
2019-08-28,90.9365,106.969,144.919,14.3727,0.97
2019-08-27,90.0166,106.682,144.998,14.272,0.925
2019-08-26,90.4015,106.264,144.08,14.3333,0.955
2019-08-23,88.7157,105.174,142.082,14.0933,0.9125
2019-08-22,90.3915,106.186,144.589,14.81,0.9675
2019-08-21,90.2325,106.294,144.659,14.722,0.885
2019-08-20,89.5855,106.324,143.85,15.0573,0.855
2019-08-19,90.5516,108.001,144.509,15.122,0.845
2019-08-16,90.42,107.227,143.79,14.6627,0.83
2019-08-15,89.4923,106.939,141.644,14.376,0.8025
2019-08-14,88.9219,100.779,141.124,14.6413,0.83
2019-08-13,90.5222,101.93,143.8,15.6667,0.8675
2019-08-12,88.9131,99.8376,141.064,15.2673,0.87625
2019-08-09,90.2138,101.801,142.672,15.6673,0.8975
2019-08-08,90.1854,102.982,141.843,15.8867,0.9725
2019-08-07,89.2007,102.168,138.448,15.5613,0.9525
2019-08-06,88.9768,101.295,137.22,15.3833,0.9525
2019-08-05,87.4463,99.9163,132.477,15.2213,0.9275
2019-08-02,89.1369,103.299,134.384,15.6227,0.945
2019-08-01,89.0132,103.279,136.091,15.59,0.96
2019-07-31,88.3701,104.231,136.081,16.1073,1.005
2019-07-30,90.2001,105.818,136.291,16.1507,1.0075
2019-07-29,91.4784,106.026,137.17,15.718,1.03
2019-07-26,92.4955,106.731,135.722,15.2027,1.0025
2019-07-25,84.9065,105.977,131.718,15.2547,0.995
2019-07-24,84.6013,105.759,121.213,17.6587,1.02
2019-07-23,84.0967,105.848,122.192,17.3447,1.0225
2019-07-22,84.8526,106.532,121.792,17.0453,1.035
2019-07-19,84.2744,107.555,120.215,17.212,1.08
2019-07-18,85.3926,108.328,120.863,16.9027,1.05
2019-07-17,84.2272,108.219,120.703,16.9907,1.095
2019-07-16,84.0701,108.367,122.002,16.8253,1.1575
2019-07-15,84.1418,108.576,123.15,16.9,1.1875
2019-07-12,83.7776,108.219,123.2,16.3387,1.2275
2019-07-11,83.1258,107.574,123.26,15.9067,1.21
2019-07-10,82.4817,106.692,122.611,15.928,1.295
2019-07-09,81.4096,106.592,122.831,15.3373,1.3275
2019-07-08,81.606,106.434,121.673,15.356,1.3625
2019-07-05,81.9319,105.739,122.771,15.54,1.38
2019-07-03,81.9319,106.046,122.691,15.66,1.3275
2019-07-02,79.8036,105.372,122.351,14.97,1.345
2019-07-01,78.9072,104.469,123.5,15.1447,1.34
2019-06-28,78.2367,104.341,123.919,14.8973,1.3675
2019-06-27,77.9833,103.954,122.351,14.856,1.385
2019-06-26,77.8145,104.013,120.525,14.618,1.3675
2019-06-25,78.6283,104.559,121.383,14.6507,1.3625
2019-06-24,78.0667,105.055,120.983,14.9093,1.3425
2019-06-21,78.2268,104.945,120.833,14.7907,1.355
2019-06-20,79.0368,104.172,121.013,14.6413,1.3825
2019-06-19,78.2181,103.507,120.634,15.0953,1.4075
2019-06-18,77.3855,103.537,120.155,14.9827,1.4325
2019-06-17,77.4807,103.08,119.475,15.002,1.425
2019-06-14,78.6186,103.002,119.495,14.328,1.4075
2019-06-13,77.7889,102.594,120.693,14.2607,1.425
2019-06-12,77.3953,102.764,120.983,13.9507,1.375
2019-06-11,76.873,101.93,119.505,14.4733,1.43
2019-06-10,76.4627,101.523,118.777,14.192,1.36
2019-06-07,76.9751,100.144,118.128,13.6333,1.255
2019-06-06,75.9699,99.2619,116.92,13.73,1.2825
2019-06-05,74.6259,98.6062,116.28,13.106,1.26
2019-06-04,73.2818,96.8395,115.152,12.9067,1.955
2019-06-03,71.1328,96.2881,113.574,11.9313,1.8675
2019-05-31,70.9835,95.7881,113.474,12.344,1.895
2019-05-30,71.0867,96.5033,114.692,12.548,1.9
2019-05-29,70.2561,96.4369,114.223,12.6573,1.8925
2019-05-28,70.6469,96.7176,114.513,12.58,1.935
2019-05-24,71.0671,96.9467,115.142,12.7087,1.955
2019-05-23,71.3086,96.1919,114.912,13.0327,1.925
2019-05-22,72.095,96.543,117.039,12.8487,1.975
2019-05-21,72.3551,95.4827,117.359,13.672,2.0325
2019-05-20,71.5431,95.8655,116.28,13.6907,2.015
2019-05-17,73.6442,95.2426,115.262,14.0687,2.1525
2019-05-16,73.6352,95.6652,116.01,15.222,2.1675
2019-05-15,72.57,94.3152,115.252,15.4633,2.1725
2019-05-14,71.9192,94.705,115.172,15.4873,2.1325
2019-05-13,71.5608,94.325,116.39,15.134,2.065
2019-05-10,73.1856,96.2385,119.226,15.968,2.12
2019-05-09,72.7007,93.9958,119.266,16.132,2.13
2019-05-08,72.8411,94.2129,119.256,16.3227,2.1725
2019-05-07,72.4209,95.1493,120.205,16.4707,2.1925
2019-05-06,72.5151,96.2484,121.573,17.0227,2.2125
2019-05-03,72.5063,95.8853,121.643,17.002,2.2425
2019-05-02,71.9653,95.0134,120.644,16.2733,2.1925
2019-05-01,72.0124,95.2059,119.406,15.6007,2.1275
2019-04-30,72.1607,96.6114,122.561,15.9127,2.1625
2019-04-29,71.448,95.3983,121.103,16.098,2.19
2019-04-26,71.9476,95.3696,122.451,15.676,2.2225
2019-04-25,71.6315,97.2383,121.053,16.5047,2.2375
2019-04-24,70.9631,97.2483,114.064,17.244,2.2525
2019-04-23,70.5899,96.8148,114.054,17.5933,2.2225
2019-04-22,70.0431,96.1621,111.068,17.5167,2.1625
2019-04-18,70.6556,96.9071,110.429,18.2173,2.1925
2019-04-17,69.7829,96.8882,110.549,18.082,2.235
2019-04-16,70.3209,96.6988,112.765,18.224,2.27
2019-04-15,70.75,96.2187,115.602,17.7587,2.235
2019-04-12,71.2055,95.3983,114.473,17.8467,2.33
2019-04-11,70.4809,94.6852,113.255,17.8947,2.44
2019-04-10,70.1167,93.5563,113.275,18.404,2.4925
2019-04-09,69.7829,92.6992,111.707,18.154,2.455
2019-04-08,69.8575,93.2061,111.877,18.2133,2.485
2019-04-05,69.7004,92.8322,111.627,18.3307,2.465
2019-04-04,69.0673,92.1547,110.629,17.852,2.5075
2019-04-03,69.0476,91.2888,110.569,19.454,2.4075
2019-04-02,68.9946,91.0566,110.039,19.0587,2.525
2019-04-01,68.7049,91.8819,110.549,19.2787,2.5925
2019-03-29,69.0574,91.6102,108.981,18.6573,2.54
2019-03-28,68.7049,91.2372,106.364,18.5747,2.5475
2019-03-27,67.5721,91.3086,105.127,18.322,2.5725
2019-03-26,67.7763,92.3531,104.308,17.8513,2.5875
2019-03-25,67.1626,92.2103,103.779,17.3613,2.535
2019-03-22,66.8485,92.3164,102.511,17.6353,2.6125
2019-03-21,67.1253,93.0474,105.616,18.268,2.6375
2019-03-20,66.5403,92.6527,103.909,18.24,2.625
2019-03-19,66.3085,93.7894,104.587,17.8313,2.74
2019-03-18,65.8079,93.6109,104.747,17.966,2.7675
2019-03-15,65.6488,92.4444,104.517,18.362,2.765
2019-03-14,65.7145,92.2589,104.817,19.3307,2.7375
2019-03-13,65.1206,92.5227,104.048,19.264,2.8
2019-03-12,65.0735,91.9057,102.271,18.8907,2.7735
2019-03-11,64.728,92.008,101.891,19.3947,2.72275
2019-03-08,64.4335,91.1767,100.443,18.9427,2.6525
2019-03-07,65.5938,91.0458,101.332,18.4393,2.8025
2019-03-06,66.2064,91.8036,101.472,18.416,2.79525
2019-03-05,66.4951,91.8759,103.309,18.436,2.80475
2019-03-04,65.908,91.4197,103.719,19.024,2.7975
2019-03-01,65.8176,91.4921,104.947,19.6527,2.841
2019-02-28,65.2689,92.4841,103.569,21.3253,2.829
2019-02-27,65.1649,91.6628,102.721,20.9827,2.82175
2019-02-26,66.0847,92.2023,102.611,19.8573,2.8145
2019-02-25,66.0043,92.6071,103.929,19.918,2.79275
2019-02-22,66.2348,93.0078,103.099,19.6473,2.74925
2019-02-21,65.6763,92.8599,102.661,19.4153,2.667
2019-02-20,65.3887,93.3163,101.721,20.1707,2.708
2019-02-19,65.2129,95.4737,101.372,20.376,2.708
2019-02-15,65.6852,93.4164,100.773,20.5253,2.76375
2019-02-14,65.8079,92.0476,99.7844,20.2513,2.7395
2019-02-13,65.5007,91.5021,104.647,20.5447,2.7735
2019-02-12,64.7937,90.5954,103.779,20.7873,2.79275
2019-02-11,65.0185,89.8773,102.411,20.856,2.73225
2019-02-08,64.7937,89.3,101.542,20.3867,2.7445
2019-02-07,64.2282,90.3722,101.651,20.5007,2.7735
2019-02-06,63.9583,89.3555,102.731,21.148,2.783
2019-02-05,64.079,89.3178,102.691,21.4233,2.85075
2019-02-04,62.4523,88.5431,103.589,20.8593,2.74925
2019-02-01,62.9422,87.693,102.071,20.814,2.71775
2019-01-31,62.9707,89.5321,107.074,20.468,2.742
2019-01-30,62.9804,88.5709,104.717,20.5847,2.708
2019-01-29,61.9555,90.3524,104.218,19.8307,2.7275
2019-01-28,61.825,90.6818,104.537,19.7587,3.74775
2019-01-25,61.9997,90.5677,105.536,19.8027,3.8445
2019-01-24,59.8282,91.8959,104.268,19.434,3.8205
2019-01-23,61.391,92.2221,103.519,19.1727,3.743
2019-01-22,60.4289,91.0824,103.269,19.928,3.69225
2019-01-18,59.7908,91.3056,103.919,20.1507,3.85175
2019-01-17,59.403,90.3822,102.939,23.154,3.81325
2019-01-16,58.9337,90.0172,103.179,23.07,3.79125
2019-01-15,59.2185,89.9249,102.501,22.962,3.755
2019-01-14,58.5616,88.7088,101.372,22.2933,3.78175
2019-01-11,58.8944,88.6066,102.521,23.1507,3.8325
2019-01-10,59.3206,88.7187,102.551,22.998,3.859
2019-01-09,59.0328,88.6532,102.481,22.5687,3.864
2019-01-08,58.7934,88.9419,100.423,22.3567,3.82275
2019-01-07,58.7492,88.3269,97.315,22.3307,3.743
2019-01-04,58.7492,87.2983,97.0095,21.1793,3.685
2019-01-03,56.8613,86.7566,93.3458,20.024,3.136
2019-01-02,59.4413,87.2051,95.2021,20.6747,3.16025
2018-12-31,59.514,87.0264,96.7997,22.1867,3.0515
2018-12-28,58.5803,86.0762,95.0243,22.258,2.96925
2018-12-27,58.4045,85.5713,95.1033,21.0753,2.945
2018-12-26,58.2946,84.4683,95.301,21.7393,2.99825
2018-12-24,55.966,80.1802,91.835,19.6927,2.82175
2018-12-21,56.7327,81.4052,93.916,21.318,2.892
2018-12-20,57.4336,81.5431,96.4253,21.0253,3.0055
2018-12-19,59.1989,84.5993,98.1028,22.198,3.04175
2018-12-18,59.995,85.0962,99.3651,22.4687,3.078
2018-12-17,59.5778,84.8036,100.743,23.228,3.05875
2018-12-14,60.3828,85.8124,103.299,24.3807,3.08525
2018-12-13,61.8348,86.8489,105.776,25.1193,3.0925
2018-12-12,61.1122,86.9928,106.404,24.44,3.199
2018-12-11,60.9188,87.6832,105.316,24.4507,3.13125
2018-12-10,60.5202,87.7654,106.275,24.3433,3.199
2018-12-07,60.5046,87.0642,104.677,23.8643,3.216
2018-12-06,61.5001,88.5431,107.154,24.204,3.1875
2018-12-04,61.5942,89.0282,107.882,23.98,3.1735
2018-12-03,62.3806,91.759,109.47,23.8993,3.2605
2018-11-30,61.66,90.7372,108.192,23.3653,3.21125
2018-11-29,61.8053,90.402,107.414,22.7447,3.43925
2018-11-28,61.7503,90.5597,106.724,23.1913,3.5285
2018-11-27,61.0661,88.311,103.699,22.928,3.46025
2018-11-26,60.7057,88.4162,104.847,23.0667,3.4275
2018-11-23,60.7157,88.3696,104.368,21.722,3.1735
2018-11-21,61.7032,87.5046,103.899,22.546,3.223
2018-11-20,62.0811,87.4947,103.839,23.166,2.88675
2018-11-19,62.7576,89.9299,104.048,23.5647,3.063
2018-11-16,62.9903,90.775,108.761,23.6207,3.00675
2018-11-15,62.4886,92.4939,107.254,23.2293,3.0865
2018-11-14,61.9555,94.3439,105.117,22.9333,3.04675
2018-11-13,61.9644,95.6463,105.566,22.582,3.26275
2018-11-12,62.4228,96.5331,105.556,22.0853,3.26275
2018-11-09,63.0571,98.0983,109.6,23.3673,3.4415
2018-11-08,63.168,97.4437,110.369,23.4267,3.49325
2018-11-07,62.6535,96.9169,109.77,23.2107,3.50275
2018-11-06,60.6763,96.0182,106.964,22.7373,3.5145
2018-11-05,59.2696,95.6185,106.305,22.76,3.524
2018-11-02,59.1242,94.1653,104.817,23.094,3.6695
2018-11-01,53.8926,93.4561,103.599,22.952,3.6085
2018-10-31,53.5617,93.1853,104.577,22.488,3.432
2018-10-30,53.8552,95.1583,103.359,21.9933,3.4485
2018-10-29,53.6539,92.734,100.054,22.3233,3.4155
2018-10-26,53.378,91.9345,99.8643,22.06,3.223
2018-10-25,54.1968,92.1587,103.019,20.9907,3.3945
2018-10-24,53.3683,90.654,110.489,19.2333,3.5425
2018-10-23,54.0584,90.8751,112.486,19.6093,3.58975
2018-10-22,54.14,90.2641,112.416,17.3967,3.5545
2018-10-19,53.921,90.2741,112.207,17.3333,3.46275
2018-10-18,53.9013,89.3624,114.912,17.594,3.5405
2018-10-17,54.3225,89.7246,117.279,18.1187,3.60125
2018-10-16,53.1385,89.0282,117.668,18.4393,3.59425
2018-10-15,52.1657,87.1803,113.954,17.306,3.498
2018-10-12,51.8878,88.0968,114.323,17.252,3.47925
2018-10-11,50.4279,87.2695,112.526,16.8153,3.44625
2018-10-10,51.4853,88.9786,113.544,17.1253,3.48625
2018-10-09,53.0462,90.2065,117.139,17.52,3.46975
2018-10-08,51.9732,87.9876,117.938,16.704,3.5215
2018-10-05,51.2526,86.7031,118.727,17.4633,3.451
2018-10-04,51.3743,87.5403,117.928,18.7887,3.48375
2018-10-03,50.9905,87.4114,122.252,19.6533,3.5075
2018-10-02,51.0965,88.4162,120.065,20.068,3.49575
2018-10-01,51.0868,87.7198,121.293,20.7133,3.592
2018-09-28,52.2461,87.2615,121.753,17.6513,3.58975
2018-09-27,52.7066,87.4659,121.013,20.5013,3.6555
2018-09-26,52.6437,87.8954,120.654,20.6387,3.665
2018-09-25,52.3001,88.3696,120.893,20.066,3.766
2018-09-24,52.1077,88.1999,121.073,19.9787,3.6485
2018-09-21,52.8067,89.1135,119.905,19.94,3.8835
2018-09-20,51.8702,88.9687,118.437,19.8887,3.8765
2018-09-19,50.9512,88.4975,118.647,19.9347,3.90225
2018-09-18,50.6214,88.674,118.068,18.9973,3.879
2018-09-17,50.1628,88.1067,117.339,19.656,3.90475
2018-09-14,50.3259,87.8954,118.917,19.68,3.8575
2018-09-13,50.4535,88.3894,117.209,19.2973,3.915
2018-09-12,50.5281,89.174,116.09,19.3693,3.828
2018-09-11,50.6646,89.7989,114.892,18.6293,3.71275
2018-09-10,50.5281,90.04,115.412,19.0333,3.67625
2018-09-07,50.4279,89.047,114.653,17.5493,3.706
2018-09-06,49.8271,89.6223,114.962,18.73,3.7085
2018-09-05,49.4433,89.781,114.762,18.716,3.736
2018-09-04,49.2066,88.6086,114.563,19.2633,3.22825
2018-08-31,49.1311,89.0758,115.432,20.1107,3.049
2018-08-30,48.8091,89.298,115.472,20.21,3.12025
2018-08-29,48.9485,88.8695,115.732,20.334,3.24425
2018-08-28,48.7649,89.2702,115.542,20.7907,3.2235
2018-08-27,48.6893,87.8478,115.762,21.2847,3.37975
2018-08-24,48.488,88.2277,115.202,21.5213,3.8025
2018-08-23,48.4026,88.439,114.483,21.34,3.85075
2018-08-22,48.5539,88.8983,114.343,21.4427,3.9015
2018-08-21,49.6357,89.2801,114.343,21.46,3.78875
2018-08-20,49.5631,89.2027,113.804,20.5627,3.64175
2018-08-17,49.2333,90.9237,114.403,20.3667,3.52225
2018-08-16,48.7551,91.6578,113.155,22.3633,3.497
2018-08-15,48.488,83.8335,113.305,22.5793,3.54275
2018-08-14,48.3398,84.4207,115.632,23.176,3.56125
2018-08-13,47.6211,83.2929,113.544,23.7607,3.49475
2018-08-10,47.3493,83.7968,113.235,23.6993,3.51975
2018-08-09,47.7262,82.7106,113.724,23.4967,3.49475
2018-08-08,47.3826,83.1917,113.984,24.6893,3.50375
2018-08-07,47.5338,82.9348,114.513,25.3047,3.474
2018-08-06,47.5338,82.8396,114.413,22.7993,3.4145
2018-08-03,47.6791,82.7761,113.165,23.2113,3.412
2018-08-02,47.1765,82.0004,112.326,23.3027,3.359
2018-08-01,47.4023,81.5183,109.58,20.056,3.3845
2018-07-31,47.8235,82.4348,108.142,19.876,3.311
2018-07-30,47.3767,82.1115,107.514,19.3447,3.3775
2018-07-27,47.6025,81.4192,108.132,19.812,3.40725
2018-07-26,46.9674,81.5094,109.321,20.4433,3.40275
2018-07-25,47.1205,81.2069,98.2906,20.5827,3.334
2018-07-24,46.711,81.2595,97.6205,19.8287,3.39575
2018-07-23,46.7297,80.9569,98.7,20.2133,3.42125
2018-07-20,46.4735,81.3536,98.2317,20.9053,3.465
2018-07-19,46.8652,81.0392,98.0918,21.3487,3.428
2018-07-18,46.6925,81.3636,96.656,21.59,3.34975
2018-07-17,46.8083,81.4727,97.5007,21.5127,3.34975
2018-07-16,46.5019,80.9668,96.9505,20.6733,3.497
2018-07-13,47.1205,81.0214,98.5113,21.258,3.51075
2018-07-12,45.8697,79.9303,99.0624,21.114,3.46675
2018-07-11,45.7686,79.9391,98.4823,21.264,3.3775
2018-07-10,46.0249,80.5681,99.2801,21.498,3.4145
2018-07-09,45.5507,79.3837,99.5049,21.234,3.5545
2018-07-06,44.7123,78.0754,99.0455,20.5933,3.481
2018-07-05,44.3716,78.1289,97.8932,20.6107,3.3615
2018-07-03,44.5208,78.0069,97.4119,20.724,3.22825
2018-07-02,44.782,77.6022,97.1872,22.338,3.2535
2018-06-29,44.5905,79.1278,97.7783,22.8633,3.3475
2018-06-28,44.3107,79.3222,97.1772,23.3287,3.41875
2018-06-27,45.4947,80.2725,96.5571,22.9667,3.35475
2018-06-26,45.9876,79.4323,97.8073,22.8,3.4395
2018-06-25,46.2428,79.8847,97.1372,22.2007,3.47175
2018-06-22,46.774,78.36,99.4649,22.242,3.566
2018-06-21,46.2064,77.7966,99.3949,23.1673,3.56825
2018-06-20,47.6692,77.2441,100.344,24.148,3.60925
2018-06-19,52.4258,77.2441,100.164,23.5033,3.61875
2018-06-18,52.2344,76.6797,99.9639,24.722,3.49225
2018-06-15,52.1313,77.3255,99.5049,23.878,3.2075
2018-06-14,52.0508,77.4078,98.5023,23.848,2.95225
2018-06-13,51.3106,77.6845,97.2272,22.9853,3.0625
2018-06-12,51.557,77.6944,96.8707,22.8513,3.22825
2018-06-11,51.557,77.8799,95.7873,22.14,3.28325
2018-06-08,51.6669,77.9365,95.276,21.1773,3.25125
2018-06-07,52.1607,78.48,93.8461,21.0727,3.24225
2018-06-06,52.1892,78.121,94.8616,21.3,3.2265
2018-06-05,50.8265,78.1745,93.5844,19.4087,3.26675
2018-06-04,52.094,78.9145,93.8561,19.7827,3.18625
2018-06-01,51.9516,76.6698,91.5824,19.4547,3.06975
2018-05-31,51.7318,76.2531,91.5824,18.982,2.9535
2018-05-30,52.4709,77.7143,92.6838,19.448,3.00275
2018-05-29,52.2432,76.1242,90.8035,18.9173,2.92
2018-05-25,52.8724,76.1818,90.1365,18.59,2.835
2018-05-24,52.6536,76.5409,89.8289,18.5233,2.8505
2018-05-23,52.4778,76.6886,89.4954,18.6047,2.84625
2018-05-22,51.9948,77.0219,88.7375,18.334,2.835
2018-05-21,52.3424,78.0754,88.7675,18.966,2.8595
2018-05-18,52.1804,77.2699,87.8609,18.4547,2.788
2018-05-17,52.2167,78.0565,87.0739,18.9693,3.0475
2018-05-16,52.1705,79.5701,87.4944,19.0987,3.032
2018-05-15,51.7042,78.0842,87.8409,18.9453,3.023
2018-05-14,52.151,77.9633,88.6975,19.4647,2.96675
2018-05-11,52.2746,77.0318,88.7075,20.0707,2.844
2018-05-10,52.6251,76.394,87.8109,20.3347,2.91525
2018-05-09,52.0665,76.2531,86.5587,20.4567,2.893
2018-05-08,52.3708,78.7152,86.2841,20.1313,2.862
2018-05-07,52.1715,78.4682,86.2741,20.1847,2.88425
2018-05-04,52.3796,80.3588,86.6586,19.606,2.9085
2018-05-03,50.9729,79.1635,84.7992,18.9633,2.8705
2018-05-02,51.4902,79.2667,84.3139,20.0767,3.0095
2018-05-01,52.786,80.2467,86.4219,19.9947,3.099
2018-04-30,52.2756,81.2128,86.8663,19.5933,3.05425
2018-04-27,52.9971,80.1366,87.5842,19.605,3.1015
2018-04-26,53.9239,80.7328,88.7775,19.032,3.05875
2018-04-25,52.4081,80.0284,86.6785,18.7127,3.0115
2018-04-24,52.4945,79.4392,90.5949,18.8973,3.00025
2018-04-23,52.8137,79.0434,90.5849,18.8913,2.9535
2018-04-20,52.6693,79.8529,89.6343,19.3493,2.88175
2018-04-19,53.7776,80.6881,90.3631,20.0053,3.025
2018-04-18,54.03,80.3924,90.5549,19.5567,3.0565
2018-04-17,54.3295,80.698,89.771,19.1793,3.119
2018-04-16,53.967,79.725,88.0006,19.414,3.09025
2018-04-13,53.7953,78.9721,87.3686,20.0227,3.04525
2018-04-12,53.967,78.4314,86.6606,19.6053,3.05
2018-04-11,53.9593,78.8689,85.8627,20.062,3.09675
2018-04-10,53.9494,79.3648,85.697,20.3133,3.06075
2018-04-09,53.3045,79.2101,83.2216,19.3107,3.01625
2018-04-06,52.9785,79.5861,81.9235,19.9533,3.005
2018-04-05,53.7041,80.6137,83.593,20.3813,3.03375
2018-04-04,53.4233,80.074,84.4588,19.1293,2.98475
2018-04-03,52.6693,79.6892,82.6594,17.8353,2.911
2018-04-02,51.07,78.5395,83.6709,16.832,2.8685
2018-03-29,52.5702,81.68,86.8083,17.742,2.82375
2018-03-28,52.5799,80.5779,85.0499,17.1853,3.166
2018-03-27,52.1814,78.9998,84.8242,18.612,3.10575
2018-03-26,52.4847,80.331,85.9306,20.2787,3.14175
2018-03-23,51.1338,78.4216,84.6844,20.1027,3.0205
2018-03-22,52.4612,79.9997,87.3885,20.6067,3.09425
2018-03-21,53.0972,80.9549,88.4879,21.102,3.13675
2018-03-20,53.2701,80.7416,89.3866,20.7033,3.23775
2018-03-19,52.9421,80.2853,88.5278,20.904,3.31375
2018-03-16,53.5774,81.8635,89.4545,21.4233,3.45025
2018-03-15,53.914,80.3399,89.778,21.7067,3.42575
2018-03-14,53.4233,80.4847,90.6208,21.7753,3.45925
2018-03-13,53.6215,81.064,90.5229,22.7893,3.49275
2018-03-12,53.9406,80.8557,90.463,23.034,3.47925
2018-03-09,53.0875,81.4508,90.4929,21.8113,3.5465
2018-03-08,52.1902,80.7168,88.1554,21.94,3.49925
2018-03-07,51.7877,80.074,87.4374,22.1533,3.56675
2018-03-06,51.7877,81.2763,88.1744,21.88,3.59325
2018-03-05,51.7533,82.1174,85.7359,22.2233,3.59125
2018-03-02,51.6993,81.0134,84.301,22.3413,3.56425
2018-03-01,51.0091,81.2951,84.1233,22.062,3.48825
2018-02-28,51.8525,82.1452,85.7559,22.8707,3.427
2018-02-27,51.3714,83.523,85.8038,23.3993,3.40075
2018-02-26,51.9162,84.9801,84.7942,23.8233,3.512
2018-02-23,50.9826,84.7698,85.1288,23.47,3.48825
2018-02-22,50.3072,84.6667,85.3045,23.088,3.41175
2018-02-21,50.9444,83.523,85.639,22.22,3.427
2018-02-20,50.8255,85.8857,88.1364,22.3173,3.4645
2018-02-16,51.2879,95.6185,85.9805,22.366,3.58225
2018-02-15,51.3803,94.2129,86.8583,22.271,3.5845
2018-02-14,50.8432,92.8193,93.4457,21.4873,3.54275
2018-02-13,50.5527,92.1527,91.4405,21.5773,3.403
